variant,label,animation_capacity,flash_bytes,delta_vs_v3,data_bytes,bss_bytes,static_ram,delta_ram_vs_v3,text_bytes,rodata_bytes
255,reference,0,16184,,424,136,560,,15584,0
0,hal,0,2068,,4,136,140,,1888,0
1,core_text,0,13728,,424,136,560,,13128,0
2,low_pair,0,14260,,424,136,560,,13660,0
3,high_pair,0,14608,0,424,136,560,0,14008,0
4,focus_traversal,0,15192,584,424,136,560,0,14592,0
5,activate_typed,0,15096,488,424,136,560,0,14496,0
7,column,0,14604,-4,424,136,560,0,14004,0
8,row,0,14608,0,424,136,560,0,14008,0
9,alignment_padding,0,14608,0,424,136,560,0,14008,0
19,text_repeat,0,14680,72,424,136,560,0,14080,0
20,button,0,14696,88,424,136,560,0,14096,0
21,checkbox,0,14696,88,424,136,560,0,14096,0
22,toggle,0,14932,324,424,136,560,0,14332,0
23,progress,0,14876,268,424,136,560,0,14276,0
24,icon,0,14712,104,424,136,560,0,14112,0
25,divider,0,14700,92,424,136,560,0,14100,0
26,panel,0,15248,640,424,136,560,0,14648,0
27,scrollbar,0,14944,336,424,136,560,0,14344,0
28,wrapped_text,0,14708,100,424,136,560,0,14108,0
29,tuner,0,14956,348,424,136,560,0,14356,0
30,knob,0,14944,336,424,136,560,0,14344,0
31,list,0,15100,492,424,136,560,0,14500,0
32,scroll_view,0,14928,320,424,136,560,0,14328,0
33,bitmap,0,14708,100,424,136,560,0,14108,0
40,c_text,0,14484,-124,424,136,560,0,13884,0
41,c_checkbox,0,14608,0,424,136,560,0,14008,0
42,c_toggle,0,15036,428,424,136,560,0,14436,0
43,c_progress,0,15276,668,424,136,560,0,14676,0
44,c_icon,0,15380,772,424,136,560,0,14780,0
44,animation_capacity_1,1,16572,1964,564,136,700,140,15832,0
45,animated_specs,1,16576,1968,564,136,700,140,15836,0
60,renderer_init,0,2068,-12540,4,136,140,-420,1888,0
61,pixel,0,2088,-12520,4,136,140,-420,1908,0
62,hline,0,2104,-12504,4,136,140,-420,1924,0
63,vline,0,2148,-12460,4,136,140,-420,1968,0
64,line,0,2244,-12364,4,136,140,-420,2064,0
65,rect,0,2392,-12216,4,136,140,-420,2212,0
66,fill_rect,0,2196,-12412,4,136,140,-420,2016,0
67,bitmap_primitive,0,2204,-12404,4,136,140,-420,2024,0
68,font_draw,0,3708,-10900,4,136,140,-420,3528,0
69,clip_pixel,0,2124,-12484,4,136,140,-420,1944,0
80,diagnostics_on,0,14968,360,424,136,560,0,14368,0
81,finish_checked,0,14576,-32,424,136,560,0,13976,0
82,raw_ids,0,14608,0,424,136,560,0,14008,0
83,diagnostics_no_screen,0,14948,340,424,136,560,0,14348,0
84,identity_rotate_xor,0,2088,-12520,4,136,140,-420,1908,0
85,identity_addition,0,2088,-12520,4,136,140,-420,1908,0
254,reference_a0,0,16184,1576,424,136,560,0,15584,0
254,reference_a1,1,17404,2796,564,136,700,140,16664,0
